genesem,graingert,azzamsa,orbidlo,stachelnet,whateverisok,aviral282,twotime,loganasherjones,halhertani,HOWZ1T,cheeseboythrowaway,sucharyan,drukweyr,tomaugspurger,ryan111333444,MonkeeSage,Wookiee_,TakingItCasual,WxGeo,Sean1708,CobbITGuy,vovanz,turtle_with_dentures,Nicksil,IT4ddict,BringTheNipple,dr-tenma,dacjames,rsgm123,fmasanori,InkedBug,Bolitho,nsfy33,Geotob,bixmix,striata,MartyMacGyver,saulmessedupman,iBlag,kungtotte,Mikeavelli,BySNiP,flagadalulz,ivosaurus,Callipygian_Superman,njharman,roelschroeven,friscotime,Defiantly_Not_A_Bot,redditpentester,riklaunim,magnumgreed,sjiitr,Beemo56,bulletmark,TBSchemer
smarcia,576p,ubernostrum,nemom,monstimal,whose_butt_hurts,benfred,invisibowl,DrNoPants,anqxyr,LifeIsBio,hmoein,delventhalz,redditor1101,MrDysprosium,RexScientiarum,AnimalFarmPig,AvocadoBaron,jrbattin,ulgens,Fasterup,strange-humor,mriguy,AntonGangsta,FatFingerHelperBot,david2ndaccount,kamac496,Prestigious_Avocado,sergiolarosa89,desmoulinmichel,the_ossian_stache,swni,z0ltan_x,redcrowbar,bless-you-mlud,somebodyCEO,kpenchev93,Mattwmaster58,rcrcr-,elingeniero,pemboa,WhoaItsAFactorial,CaptainJewBacon,zardeh,UtherArgas,iamarcel,robberviet,Cudemusse,LivingLegend411,SaturnSL,tecnocris,Bandung,actionscripted,IamWiddershins
llfcerf,Paddy3118,wrmsr,Xilc,derpderp3200,Sergy096,alb1,derpyomnister,solaceinsleep,nullsum,400_Bad_Request,bearcatgary,Andrew_Shay,F0064R,stradiola,crowseldon,LightShadow,psangrene,HipsterTwister,rson,muntoo,pilitactiles,pknerd,michael0x2a,Kelevra90,urdnot_wreck,peopledeservebetter,HelperBot_,minepopper,freddytstudio,svn,I_am_rahul,cymrow,IReallySuckAtChess,zzmej1987,cv555,UnscheduledArrival,Aad1tya23,Daffodils2,twillisagogo,unnamedn00b,azrathud,alexbuzzbee,Wasthisworthit,ZombieRandySavage,TheWass,LimbRetrieval-Bot,vegan_seagal,1st1,NeoMahler,aiPh8Se,michaelherman,Seepgnarr
irrationalNumber,RadioFreeDoritos,lostburner,blarghmatey,bjorneylol,_SoySauce,pinnr,HackSawJimDuggan69,Aubudon,PeridexisErrant,seriouslulz,pawn13,primitive_screwhead,Badabinski,ClickableLinkBot,Raptox123,megamanxtc,jwink3101,Poromenos,rootusrootus,iogf,i_like_trains_a_lot1,willm,lanemik,PMOS-FTL,rlrgr,erez27,Keith,sorrat,catcradle5,Demopathos,Josedsmith,StarkillerX42,skuchoochum,SerpentAI,cynical_br1t,andytwoods,drayallday,KingHavana,theSPHguy,chromium52,rzzzwilson,Hopemonster,pa7x1,rabit1,IronManMark20,Final_Spartan,LewisTheScot,NelsonMinar,mathmakesmehigh,pbw,CommonMisspellingBot,turkish_gold,DiogenicOrder
iphark,ClarisaGuerra,PiousLoophole,therealfakemoot,ArmenianCustodian,Faruxx,Don_Mahoni,androidandios,TeamSpen210,scottybowl,michelnory,ccb621,kinygos,redldr1,z4579a,DarkLordAzrael,kurashu89,galaune,irrelevantPseudonym,mchwalisz,silencer6,waffenssgolem,SDisPater,japaget,PhaethonPrime,RonnyPfannschmidt,Ek_Los_Die_Hier,kickthebug,TopicStrong,furyfred,drkpenguinjunk,saargrin,NoahTheDuke,ccharles,monkeyofscience,hnasarat,porlov,jackblun,MAGAtek,shvr,sweettuse,Gear5th,TheNamelessKing,FriedrichAugust,freework,EliteCaptainShell,BDube_Lensman,billsil,earthboundkid,Witless-One,raziel2p,rotharius,andrewgriffiths,hsoft,0rsinium,Crul_,mufc88,CGFarrell,Eurynom0s
spinwizard69,maki362,scout1520,theSearge,F1523,GimmiCOOKIE,batimus,what_do_with_life,flmm,yonsy_s_p,TaZ_DeViL96,katakoria,TheBonusPackage,Pythonistar,AlSweigart,hlrossato,fkshaman,Dark_Souls,percusse,moosingin3space,wingdingerton,spinicist,MahtanSirfalas,slowpush,bheklilr,johnreese421,joesb,Thurys,TheAmosBrothers,Agrees_withyou,undercoveryankee,ForceBru,c17r,xbshe,hyperdudemn,SnowdogU77,G01denW01f11,PORTMANTEAU-BOT,i_ate_god,vvvlad42,lelease,yapel,DeathCutie,jojo179,evilquail,Topper_123,reddit_user33,nyamuk91,svpadd2,darius_dan,Arancaytar,slapples97,danielkza
zurtex,Brian,This_Is_The_End,Spedwards,7jCWJ-OPYgDie,idskot,notParticularlyAnony,bwv549,Mr_Cloud03,jd_paton,frodon1,FFX01,the_real_irgeek,TheBB,elg97477,totemcatcher,slayer_of_idiots,paradox44,BeastjungleNA,M4DR4T,jacdeh,Blaq0nyxx,blidside,NoLemurs,WikiTextBot,PaulPhoenixMain,fiddle_n,kaihatsusha,parkerSquare,NecessaryProduce,pf_moore,DontForgetWilson,maceurt,keturn,LoveyJyhyun,GitHubPermalinkBot,TankorSmash,CocoBashShell,__xor__,Tweak_Imp,Fun2badult,stetio,gandalfx,godhatesmetoo,nnmmnxxc,FSucka,ModerationLacking,Ogi010,joextodd,wpthomas,aajjccrr,FoeHammer99099,Rodeopants,HumblesReaper,civilization_phaze_3,plistig,Nerdecai,Nodja,sisyphus_is_pushing,justphysics,lolwat_is_dis
Synackaon,ishatonmybed,badhoum,newsameaccount,524254542,dashdanw,yasoob_python,agoose77,friendly-bot,yaxamie,EternityForest,struck-off,CriticalEntree,bioruffo,will_work_for_twerk,bhat,knowsuchagency,jadelord,__crackers__,MRHURLEY86,DJOMaul,grandzooby,vorpalsmith,jdwittenauer,LazyAlpaga,drf24,hereherelulalei,whelks_chance,trenholm,DYMAXIONman,TommyROAR,Thomas1122,pingveno,Zomunieo,hudsonpenner,GoodBot_BadBot,_gaslit_,cyanydeez,truestbriton,impshum,carbolymer,Various_Pickles,waspbr,xiongchiamiov,bachkhois,hnh,z_mitchell,antole97,ArminiusGermanicus,AndydeCleyre,haloweenek,BlueSnakeYellowSnake,I--I_i,efmccurdy,janemoz,CodingEqualsFreedom,K900_
mangecoeur,Commonboiiii878,_ilyar_,surya-k,craigmassie,Zatania,chub79,jyper,fuzzyinterval,colloidalthoughts,v3ssOn,kiranchavan23,toomc,tunisia3507,sonaxaton,takluyver,alpha_53g43,ramsdenj,icegreentea,eye_engineer,gobot,Wilfred-kun,denholmsdead,senperecemo,118725125154,GeronimoHero,primalcurve,FireTamer98,tonnynerd,debazthed,stat_enthusiast,frnkvieira,an_experimenter,Laserdude10642,jinchuika,wherethebuffaloroam,twopi,awox,donald_trub,Blue_Vision,mikemol,erotic-jesus,arkethos,stevenjd,cheryllium,NixonInnes,DeltaJuliett,tobsecret,WarotoV2,gagejustins,Eleantadu,fdemmer,Tatooine_Getaway,linychuo,tristan957,jeremyisdev,micro_apple,leom4862
whattodo-whattodo,MrGreenTea,w0rdsm1th,AComputerProgram,unklphil,hielkew,HeyBlubby,ishiz,Strings,Smok3dSalmon,flubba86,SR_Lut3t1um,rhytnen,mczaplinski,oakgrove,richieadler,MrStricty,CSpeciosa,TDuffin,charlieb,psincraian,awegge,HackerBae,aphoenix,CrambleSquash,donaldstufft,cantdutchthis,WholesomeRobbieC,adisbladis,AntarcticFox,defective,ThePidesOfMarch,core_dumpd,khrn0,ominous_anonymous,82d28a,GummyKibble,buttery_shame_cave,efxhoy,Salaisuudet,malinoff,crabbone,OfficialBananas,comand,Kwpolska,alcalde,imguralbumbot,spiker611,dranzerfu,Terr_,eds_ryan,pd145,OctagonClock,alkasm
